{
  "comment": "# bead-on-hoop 1.0.0-dev.1 Tue Apr 09 2019 12:10:58 GMT-0600 (Mountain Daylight Time)",
  "assert": {
    "sha": "d8a2e8992420327ff72a6fc4bb93ec76549ded0e",
    "branch": "master"
  },
  "axon": {
    "sha": "2da6c6173a0ed6bedc1dad8a5fffac27faaf5259",
    "branch": "master"
  },
  "brand": {
    "sha": "40dd405ec950d10e15e957cbda3d97362e925bef",
    "branch": "master"
  },
  "chipper": {
    "sha": "9ad482f12f8a23b5db133fff1f83d2188ea1ca71",
    "branch": "master"
  },
  "dot": {
    "sha": "0c7f66f353443ca23cc3e6b6e81ddba94d5fb120",
    "branch": "master"
  },
  "joist": {
    "sha": "5be6cce9af6453fba670869c85cb3d9d378af7fd",
    "branch": "master"
  },
  "kite": {
    "sha": "95999b737aad44dde813fee32661ea196fc400b9",
    "branch": "master"
  },
  "phet-core": {
    "sha": "98d20de43c3360cb8e10109401ab44b6e6bc6986",
    "branch": "master"
  },
  "phet-io": {
    "sha": "de3ba60fc9c2359d1ef3dac7cc413edbe2435dad",
    "branch": "master"
  },
  "phet-io-wrapper-classroom-activity": {
    "sha": "248958109c8d3b73b5f9d6c31015b2c8b5016571",
    "branch": "master"
  },
  "phet-io-wrapper-hookes-law-energy": {
    "sha": "3ea0d43712de26832a841086365544fa930fe458",
    "branch": "master"
  },
  "phet-io-wrapper-lab-book": {
    "sha": "e5309c0d655079dede0616b5aa637e624e978242",
    "branch": "master"
  },
  "phet-io-wrappers": {
    "sha": "160f6c61f3533694a8c2b8fc58e29622381014da",
    "branch": "master"
  },
  "phetcommon": {
    "sha": "6d7cec347b7c30faff7e99956a87eb10e535dafa",
    "branch": "master"
  },
  "phetmarks": {
    "sha": "4e089c3241fab3c6c99820a3be8349469bf20191",
    "branch": "master"
  },
  "query-string-machine": {
    "sha": "aeac99bd3badf40473561fd2e31928aa3d58b86b",
    "branch": "master"
  },
  "scenery": {
    "sha": "803d3ffd4ac75b784417e901d8fcc9f88bf26dd0",
    "branch": "master"
  },
  "scenery-phet": {
    "sha": "c6912dbdc482b28e385212d090ad55eb731e6095",
    "branch": "master"
  },
  "sherpa": {
    "sha": "22d2ea6a9a2ea4f575f87e6c1a4914f6200d9197",
    "branch": "master"
  },
  "bead-on-hoop": {
    "sha": "b271af956e7ba8c1f0b7f3dc6cf89e4e63a4f648",
    "branch": "master"
  },
  "sun": {
    "sha": "639af54466a1c654d61708c61b870f18d76c58ef",
    "branch": "master"
  },
  "tambo": {
    "sha": "06b7bb5cbda692908149f95f64b261d13bbe774f",
    "branch": "master"
  },
  "tandem": {
    "sha": "e20d57b80b322a9a7afd77e80d64d99988137238",
    "branch": "master"
  }
}